,Pclass,Fare
0,1,84.15468749999992
1,2,20.66218315217391
2,3,13.707707392197129
